Posted_Date,Skill,Demand,Predicted_Demand
2026-07-02,AWS,0.0,2.0
2026-07-03,AWS,2.0,2.0
2026-07-04,AWS,4.0,2.0
2026-07-05,AWS,1.0,2.0
2026-07-06,AWS,5.0,2.0
2026-07-07,AWS,3.0,2.0
2026-07-08,AWS,4.0,2.0
2026-07-09,AWS,1.0,2.0
2026-07-10,AWS,3.0,2.0
2026-07-11,AWS,3.0,2.0
2026-07-12,AWS,1.0,2.0
2026-07-13,AWS,1.0,2.0
2026-07-14,AWS,3.0,2.0
2026-07-15,AWS,1.0,2.0
2026-07-16,AWS,2.0,2.0
2026-07-17,AWS,6.0,2.0
2026-07-18,AWS,3.0,2.0
2026-07-19,AWS,3.0,2.0
2026-07-20,AWS,1.0,2.0
2026-07-21,AWS,2.0,2.0
2026-07-22,AWS,3.0,2.0
2026-07-23,AWS,4.0,2.0
2026-07-24,AWS,3.0,2.0
2026-07-25,AWS,6.0,2.0
2026-07-26,AWS,1.0,2.0
2026-07-27,AWS,1.0,2.0
2026-07-28,AWS,2.0,2.0
2026-07-29,AWS,1.0,2.0
2026-07-30,AWS,0.0,2.0
2026-07-31,AWS,1.0,2.0
2026-08-01,AWS,2.0,2.0
2026-08-02,AWS,1.0,2.0
2026-08-03,AWS,4.0,2.0
2026-08-04,AWS,4.0,2.0
2026-08-05,AWS,1.0,2.0
2026-08-06,AWS,3.0,2.0
2026-08-07,AWS,2.0,2.0
2026-08-08,AWS,2.0,2.0
2026-08-09,AWS,3.0,2.0
2026-08-10,AWS,1.0,2.0
2026-07-02,Analytics,2.0,1.0
2026-07-03,Analytics,2.0,1.0
2026-07-04,Analytics,2.0,1.0
2026-07-05,Analytics,4.0,1.0
2026-07-06,Analytics,2.0,2.0
2026-07-07,Analytics,0.0,1.0
2026-07-08,Analytics,0.0,1.0
2026-07-09,Analytics,0.0,1.0
2026-07-10,Analytics,2.0,1.0
2026-07-11,Analytics,2.0,1.0
2026-07-12,Analytics,0.0,1.0
2026-07-13,Analytics,4.0,1.0
2026-07-14,Analytics,1.0,2.0
2026-07-15,Analytics,1.0,1.0
2026-07-16,Analytics,1.0,1.0
2026-07-17,Analytics,1.0,1.0
2026-07-18,Analytics,1.0,1.0
2026-07-19,Analytics,1.0,1.0
2026-07-20,Analytics,2.0,1.0
2026-07-21,Analytics,0.0,1.0
2026-07-22,Analytics,1.0,1.0
2026-07-23,Analytics,0.0,1.0
2026-07-24,Analytics,0.0,1.0
2026-07-25,Analytics,0.0,1.0
2026-07-26,Analytics,3.0,1.0
2026-07-27,Analytics,0.0,1.0
2026-07-28,Analytics,1.0,1.0
2026-07-29,Analytics,1.0,1.0
2026-07-30,Analytics,1.0,1.0
2026-07-31,Analytics,3.0,1.0
2026-08-01,Analytics,2.0,1.0
2026-08-02,Analytics,1.0,1.0
2026-08-03,Analytics,2.0,1.0
2026-08-04,Analytics,2.0,1.0
2026-08-05,Analytics,2.0,1.0
2026-08-06,Analytics,1.0,1.0
2026-08-07,Analytics,1.0,1.0
2026-08-08,Analytics,1.0,1.0
2026-08-09,Analytics,1.0,1.0
2026-08-10,Analytics,4.0,1.0
2026-07-02,Azure,0.0,1.0
2026-07-03,Azure,2.0,1.0
2026-07-04,Azure,3.0,1.0
2026-07-05,Azure,1.0,1.0
2026-07-06,Azure,5.0,1.0
2026-07-07,Azure,1.0,1.0
2026-07-08,Azure,3.0,1.0
2026-07-09,Azure,0.0,1.0
2026-07-10,Azure,1.0,1.0
2026-07-11,Azure,2.0,1.0
2026-07-12,Azure,1.0,1.0
2026-07-13,Azure,0.0,1.0
2026-07-14,Azure,2.0,1.0
2026-07-15,Azure,0.0,1.0
2026-07-16,Azure,1.0,1.0
2026-07-17,Azure,2.0,1.0
2026-07-18,Azure,1.0,1.0
2026-07-19,Azure,0.0,1.0
2026-07-20,Azure,1.0,1.0
2026-07-21,Azure,0.0,1.0
2026-07-22,Azure,1.0,1.0
2026-07-23,Azure,0.0,1.0
2026-07-24,Azure,3.0,1.0
2026-07-25,Azure,4.0,1.0
2026-07-26,Azure,0.0,1.0
2026-07-27,Azure,1.0,1.0
2026-07-28,Azure,1.0,1.0
2026-07-29,Azure,0.0,1.0
2026-07-30,Azure,0.0,1.0
2026-07-31,Azure,1.0,1.0
2026-08-01,Azure,0.0,1.0
2026-08-02,Azure,0.0,1.0
2026-08-03,Azure,1.0,1.0
2026-08-04,Azure,1.0,1.0
2026-08-05,Azure,1.0,1.0
2026-08-06,Azure,2.0,1.0
2026-08-07,Azure,2.0,1.0
2026-08-08,Azure,1.0,1.0
2026-08-09,Azure,2.0,1.0
2026-08-10,Azure,0.0,1.0
2026-07-02,Business Analysis,1.0,1.0
2026-07-03,Business Analysis,1.0,1.0
2026-07-04,Business Analysis,2.0,1.0
2026-07-05,Business Analysis,0.0,1.0
2026-07-06,Business Analysis,1.0,1.0
2026-07-07,Business Analysis,1.0,1.0
2026-07-08,Business Analysis,2.0,1.0
2026-07-09,Business Analysis,0.0,1.0
2026-07-10,Business Analysis,1.0,1.0
2026-07-11,Business Analysis,1.0,1.0
2026-07-12,Business Analysis,1.0,1.0
2026-07-13,Business Analysis,0.0,1.0
2026-07-14,Business Analysis,1.0,1.0
2026-07-15,Business Analysis,3.0,1.0
2026-07-16,Business Analysis,1.0,2.0
2026-07-17,Business Analysis,0.0,1.0
2026-07-18,Business Analysis,0.0,1.0
2026-07-19,Business Analysis,1.0,1.0
2026-07-20,Business Analysis,1.0,1.0
2026-07-21,Business Analysis,1.0,1.0
2026-07-22,Business Analysis,1.0,1.0
2026-07-23,Business Analysis,1.0,1.0
2026-07-24,Business Analysis,0.0,1.0
2026-07-25,Business Analysis,1.0,1.0
2026-07-26,Business Analysis,1.0,1.0
2026-07-27,Business Analysis,1.0,1.0
2026-07-28,Business Analysis,1.0,1.0
2026-07-29,Business Analysis,4.0,1.0
2026-07-30,Business Analysis,1.0,2.0
2026-07-31,Business Analysis,2.0,1.0
2026-08-01,Business Analysis,1.0,1.0
2026-08-02,Business Analysis,1.0,1.0
2026-08-03,Business Analysis,2.0,1.0
2026-08-04,Business Analysis,1.0,1.0
2026-08-05,Business Analysis,2.0,1.0
2026-08-06,Business Analysis,3.0,1.0
2026-08-07,Business Analysis,2.0,2.0
2026-08-08,Business Analysis,3.0,1.0
2026-08-09,Business Analysis,2.0,2.0
2026-08-10,Business Analysis,1.0,1.0
2026-07-02,CSS,4.0,3.0
2026-07-03,CSS,1.0,2.0
2026-07-04,CSS,3.0,3.0
2026-07-05,CSS,0.0,2.0
2026-07-06,CSS,4.0,3.0
2026-07-07,CSS,1.0,2.0
2026-07-08,CSS,2.0,3.0
2026-07-09,CSS,3.0,2.0
2026-07-10,CSS,2.0,2.0
2026-07-11,CSS,1.0,2.0
2026-07-12,CSS,3.0,3.0
2026-07-13,CSS,2.0,2.0
2026-07-14,CSS,3.0,2.0
2026-07-15,CSS,4.0,2.0
2026-07-16,CSS,5.0,2.0
2026-07-17,CSS,2.0,2.0
2026-07-18,CSS,2.0,2.0
2026-07-19,CSS,0.0,2.0
2026-07-20,CSS,1.0,3.0
2026-07-21,CSS,3.0,3.0
2026-07-22,CSS,0.0,2.0
2026-07-23,CSS,4.0,3.0
2026-07-24,CSS,2.0,2.0
2026-07-25,CSS,3.0,2.0
2026-07-26,CSS,3.0,2.0
2026-07-27,CSS,3.0,2.0
2026-07-28,CSS,0.0,2.0
2026-07-29,CSS,5.0,3.0
2026-07-30,CSS,2.0,2.0
2026-07-31,CSS,3.0,2.0
2026-08-01,CSS,1.0,2.0
2026-08-02,CSS,0.0,3.0
2026-08-03,CSS,2.0,3.0
2026-08-04,CSS,1.0,2.0
2026-08-05,CSS,3.0,3.0
2026-08-06,CSS,0.0,2.0
2026-08-07,CSS,5.0,3.0
2026-08-08,CSS,3.0,2.0
2026-08-09,CSS,2.0,2.0
2026-08-10,CSS,7.0,2.0
2026-07-02,Communication,4.0,3.0
2026-07-03,Communication,3.0,4.0
2026-07-04,Communication,2.0,4.0
2026-07-05,Communication,4.0,4.0
2026-07-06,Communication,4.0,4.0
2026-07-07,Communication,2.0,4.0
2026-07-08,Communication,9.0,4.0
2026-07-09,Communication,2.0,3.0
2026-07-10,Communication,3.0,4.0
2026-07-11,Communication,8.0,4.0
2026-07-12,Communication,2.0,3.0
2026-07-13,Communication,5.0,4.0
2026-07-14,Communication,4.0,4.0
2026-07-15,Communication,5.0,4.0
2026-07-16,Communication,1.0,4.0
2026-07-17,Communication,3.0,4.0
2026-07-18,Communication,4.0,4.0
2026-07-19,Communication,2.0,4.0
2026-07-20,Communication,1.0,4.0
2026-07-21,Communication,5.0,4.0
2026-07-22,Communication,2.0,4.0
2026-07-23,Communication,4.0,4.0
2026-07-24,Communication,11.0,4.0
2026-07-25,Communication,6.0,3.0
2026-07-26,Communication,4.0,4.0
2026-07-27,Communication,4.0,4.0
2026-07-28,Communication,4.0,4.0
2026-07-29,Communication,4.0,4.0
2026-07-30,Communication,7.0,4.0
2026-07-31,Communication,1.0,3.0
2026-08-01,Communication,1.0,4.0
2026-08-02,Communication,5.0,4.0
2026-08-03,Communication,1.0,4.0
2026-08-04,Communication,5.0,4.0
2026-08-05,Communication,3.0,4.0
2026-08-06,Communication,6.0,4.0
2026-08-07,Communication,2.0,4.0
2026-08-08,Communication,1.0,4.0
2026-08-09,Communication,2.0,4.0
2026-08-10,Communication,2.0,4.0
2026-07-02,Django,1.0,1.0
2026-07-03,Django,2.0,1.0
2026-07-04,Django,1.0,1.0
2026-07-05,Django,3.0,1.0
2026-07-06,Django,3.0,1.0
2026-07-07,Django,0.0,1.0
2026-07-08,Django,0.0,2.0
2026-07-09,Django,3.0,2.0
2026-07-10,Django,2.0,1.0
2026-07-11,Django,0.0,1.0
2026-07-12,Django,1.0,2.0
2026-07-13,Django,2.0,1.0
2026-07-14,Django,2.0,1.0
2026-07-15,Django,0.0,1.0
2026-07-16,Django,0.0,2.0
2026-07-17,Django,3.0,2.0
2026-07-18,Django,2.0,1.0
2026-07-19,Django,0.0,1.0
2026-07-20,Django,4.0,2.0
2026-07-21,Django,2.0,1.0
2026-07-22,Django,0.0,1.0
2026-07-23,Django,1.0,2.0
2026-07-24,Django,2.0,1.0
2026-07-25,Django,2.0,1.0
2026-07-26,Django,0.0,1.0
2026-07-27,Django,2.0,2.0
2026-07-28,Django,1.0,1.0
2026-07-29,Django,1.0,1.0
2026-07-30,Django,0.0,1.0
2026-07-31,Django,5.0,2.0
2026-08-01,Django,1.0,1.0
2026-08-02,Django,2.0,1.0
2026-08-03,Django,0.0,1.0
2026-08-04,Django,2.0,2.0
2026-08-05,Django,1.0,1.0
2026-08-06,Django,0.0,1.0
2026-08-07,Django,1.0,2.0
2026-08-08,Django,1.0,1.0
2026-08-09,Django,0.0,1.0
2026-08-10,Django,1.0,2.0
2026-07-02,Docker,0.0,1.0
2026-07-03,Docker,0.0,1.0
2026-07-04,Docker,1.0,1.0
2026-07-05,Docker,0.0,1.0
2026-07-06,Docker,0.0,1.0
2026-07-07,Docker,2.0,1.0
2026-07-08,Docker,1.0,1.0
2026-07-09,Docker,1.0,1.0
2026-07-10,Docker,2.0,1.0
2026-07-11,Docker,1.0,1.0
2026-07-12,Docker,0.0,1.0
2026-07-13,Docker,1.0,1.0
2026-07-14,Docker,1.0,1.0
2026-07-15,Docker,1.0,1.0
2026-07-16,Docker,1.0,1.0
2026-07-17,Docker,4.0,1.0
2026-07-18,Docker,2.0,1.0
2026-07-19,Docker,3.0,1.0
2026-07-20,Docker,0.0,1.0
2026-07-21,Docker,2.0,1.0
2026-07-22,Docker,2.0,1.0
2026-07-23,Docker,4.0,1.0
2026-07-24,Docker,0.0,1.0
2026-07-25,Docker,2.0,1.0
2026-07-26,Docker,1.0,1.0
2026-07-27,Docker,0.0,1.0
2026-07-28,Docker,1.0,1.0
2026-07-29,Docker,1.0,1.0
2026-07-30,Docker,0.0,1.0
2026-07-31,Docker,0.0,1.0
2026-08-01,Docker,2.0,1.0
2026-08-02,Docker,1.0,1.0
2026-08-03,Docker,3.0,1.0
2026-08-04,Docker,3.0,1.0
2026-08-05,Docker,0.0,1.0
2026-08-06,Docker,1.0,1.0
2026-08-07,Docker,0.0,1.0
2026-08-08,Docker,1.0,1.0
2026-08-09,Docker,1.0,1.0
2026-08-10,Docker,1.0,1.0
2026-07-02,Excel,12.0,8.0
2026-07-03,Excel,8.0,8.0
2026-07-04,Excel,7.0,8.0
2026-07-05,Excel,11.0,8.0
2026-07-06,Excel,11.0,8.0
2026-07-07,Excel,2.0,8.0
2026-07-08,Excel,9.0,7.0
2026-07-09,Excel,6.0,8.0
2026-07-10,Excel,7.0,8.0
2026-07-11,Excel,8.0,8.0
2026-07-12,Excel,4.0,8.0
2026-07-13,Excel,8.0,7.0
2026-07-14,Excel,8.0,8.0
2026-07-15,Excel,9.0,8.0
2026-07-16,Excel,6.0,8.0
2026-07-17,Excel,6.0,8.0
2026-07-18,Excel,7.0,8.0
2026-07-19,Excel,6.0,8.0
2026-07-20,Excel,8.0,8.0
2026-07-21,Excel,7.0,8.0
2026-07-22,Excel,3.0,8.0
2026-07-23,Excel,13.0,7.0
2026-07-24,Excel,12.0,8.0
2026-07-25,Excel,9.0,8.0
2026-07-26,Excel,7.0,8.0
2026-07-27,Excel,7.0,8.0
2026-07-28,Excel,10.0,8.0
2026-07-29,Excel,9.0,8.0
2026-07-30,Excel,9.0,8.0
2026-07-31,Excel,6.0,8.0
2026-08-01,Excel,7.0,8.0
2026-08-02,Excel,8.0,8.0
2026-08-03,Excel,4.0,8.0
2026-08-04,Excel,8.0,7.0
2026-08-05,Excel,9.0,8.0
2026-08-06,Excel,12.0,8.0
2026-08-07,Excel,5.0,8.0
2026-08-08,Excel,5.0,7.0
2026-08-09,Excel,5.0,7.0
2026-08-10,Excel,5.0,7.0
2026-07-02,Financial Modeling,3.0,1.0
2026-07-03,Financial Modeling,3.0,1.0
2026-07-04,Financial Modeling,1.0,1.0
2026-07-05,Financial Modeling,4.0,1.0
2026-07-06,Financial Modeling,1.0,1.0
2026-07-07,Financial Modeling,0.0,1.0
2026-07-08,Financial Modeling,1.0,1.0
2026-07-09,Financial Modeling,1.0,1.0
2026-07-10,Financial Modeling,2.0,1.0
2026-07-11,Financial Modeling,0.0,1.0
2026-07-12,Financial Modeling,1.0,1.0
2026-07-13,Financial Modeling,0.0,1.0
2026-07-14,Financial Modeling,2.0,1.0
2026-07-15,Financial Modeling,1.0,1.0
2026-07-16,Financial Modeling,2.0,1.0
2026-07-17,Financial Modeling,3.0,1.0
2026-07-18,Financial Modeling,0.0,1.0
2026-07-19,Financial Modeling,1.0,1.0
2026-07-20,Financial Modeling,3.0,1.0
2026-07-21,Financial Modeling,1.0,1.0
2026-07-22,Financial Modeling,0.0,1.0
2026-07-23,Financial Modeling,3.0,1.0
2026-07-24,Financial Modeling,3.0,1.0
2026-07-25,Financial Modeling,3.0,1.0
2026-07-26,Financial Modeling,0.0,1.0
2026-07-27,Financial Modeling,2.0,1.0
2026-07-28,Financial Modeling,1.0,1.0
2026-07-29,Financial Modeling,0.0,1.0
2026-07-30,Financial Modeling,1.0,1.0
2026-07-31,Financial Modeling,1.0,1.0
2026-08-01,Financial Modeling,1.0,1.0
2026-08-02,Financial Modeling,2.0,1.0
2026-08-03,Financial Modeling,0.0,1.0
2026-08-04,Financial Modeling,1.0,1.0
2026-08-05,Financial Modeling,0.0,1.0
2026-08-06,Financial Modeling,3.0,1.0
2026-08-07,Financial Modeling,0.0,1.0
2026-08-08,Financial Modeling,0.0,1.0
2026-08-09,Financial Modeling,0.0,1.0
2026-08-10,Financial Modeling,1.0,1.0
2026-07-02,Git,1.0,2.0
2026-07-03,Git,4.0,2.0
2026-07-04,Git,3.0,2.0
2026-07-05,Git,3.0,2.0
2026-07-06,Git,2.0,2.0
2026-07-07,Git,1.0,2.0
2026-07-08,Git,1.0,2.0
2026-07-09,Git,4.0,2.0
2026-07-10,Git,2.0,2.0
2026-07-11,Git,3.0,2.0
2026-07-12,Git,1.0,2.0
2026-07-13,Git,3.0,2.0
2026-07-14,Git,3.0,2.0
2026-07-15,Git,1.0,2.0
2026-07-16,Git,5.0,2.0
2026-07-17,Git,3.0,2.0
2026-07-18,Git,1.0,2.0
2026-07-19,Git,2.0,2.0
2026-07-20,Git,1.0,2.0
2026-07-21,Git,2.0,2.0
2026-07-22,Git,2.0,2.0
2026-07-23,Git,1.0,2.0
2026-07-24,Git,3.0,2.0
2026-07-25,Git,3.0,2.0
2026-07-26,Git,1.0,2.0
2026-07-27,Git,4.0,2.0
2026-07-28,Git,2.0,2.0
2026-07-29,Git,4.0,2.0
2026-07-30,Git,3.0,2.0
2026-07-31,Git,2.0,2.0
2026-08-01,Git,4.0,2.0
2026-08-02,Git,3.0,2.0
2026-08-03,Git,1.0,2.0
2026-08-04,Git,0.0,2.0
2026-08-05,Git,1.0,2.0
2026-08-06,Git,0.0,2.0
2026-08-07,Git,0.0,2.0
2026-08-08,Git,3.0,2.0
2026-08-09,Git,2.0,2.0
2026-08-10,Git,1.0,2.0
2026-07-02,Google Ads,2.0,1.0
2026-07-03,Google Ads,2.0,1.0
2026-07-04,Google Ads,2.0,1.0
2026-07-05,Google Ads,4.0,1.0
2026-07-06,Google Ads,2.0,2.0
2026-07-07,Google Ads,0.0,1.0
2026-07-08,Google Ads,0.0,1.0
2026-07-09,Google Ads,0.0,1.0
2026-07-10,Google Ads,2.0,1.0
2026-07-11,Google Ads,2.0,1.0
2026-07-12,Google Ads,0.0,1.0
2026-07-13,Google Ads,4.0,1.0
2026-07-14,Google Ads,1.0,2.0
2026-07-15,Google Ads,1.0,1.0
2026-07-16,Google Ads,1.0,1.0
2026-07-17,Google Ads,1.0,1.0
2026-07-18,Google Ads,1.0,1.0
2026-07-19,Google Ads,1.0,1.0
2026-07-20,Google Ads,2.0,1.0
2026-07-21,Google Ads,0.0,1.0
2026-07-22,Google Ads,1.0,1.0
2026-07-23,Google Ads,0.0,1.0
2026-07-24,Google Ads,0.0,1.0
2026-07-25,Google Ads,0.0,1.0
2026-07-26,Google Ads,3.0,1.0
2026-07-27,Google Ads,0.0,1.0
2026-07-28,Google Ads,1.0,1.0
2026-07-29,Google Ads,1.0,1.0
2026-07-30,Google Ads,1.0,1.0
2026-07-31,Google Ads,3.0,1.0
2026-08-01,Google Ads,2.0,1.0
2026-08-02,Google Ads,1.0,1.0
2026-08-03,Google Ads,2.0,1.0
2026-08-04,Google Ads,2.0,1.0
2026-08-05,Google Ads,2.0,1.0
2026-08-06,Google Ads,1.0,1.0
2026-08-07,Google Ads,1.0,1.0
2026-08-08,Google Ads,1.0,1.0
2026-08-09,Google Ads,1.0,1.0
2026-08-10,Google Ads,4.0,1.0
2026-07-02,HRMS,2.0,1.0
2026-07-03,HRMS,0.0,1.0
2026-07-04,HRMS,2.0,2.0
2026-07-05,HRMS,3.0,1.0
2026-07-06,HRMS,2.0,1.0
2026-07-07,HRMS,1.0,1.0
2026-07-08,HRMS,2.0,1.0
2026-07-09,HRMS,1.0,1.0
2026-07-10,HRMS,1.0,1.0
2026-07-11,HRMS,6.0,1.0
2026-07-12,HRMS,0.0,1.0
2026-07-13,HRMS,2.0,2.0
2026-07-14,HRMS,2.0,1.0
2026-07-15,HRMS,0.0,1.0
2026-07-16,HRMS,0.0,2.0
2026-07-17,HRMS,2.0,2.0
2026-07-18,HRMS,2.0,1.0
2026-07-19,HRMS,0.0,1.0
2026-07-20,HRMS,1.0,2.0
2026-07-21,HRMS,3.0,1.0
2026-07-22,HRMS,0.0,1.0
2026-07-23,HRMS,2.0,2.0
2026-07-24,HRMS,4.0,1.0
2026-07-25,HRMS,2.0,1.0
2026-07-26,HRMS,0.0,1.0
2026-07-27,HRMS,1.0,2.0
2026-07-28,HRMS,2.0,1.0
2026-07-29,HRMS,1.0,1.0
2026-07-30,HRMS,3.0,1.0
2026-07-31,HRMS,0.0,1.0
2026-08-01,HRMS,1.0,2.0
2026-08-02,HRMS,1.0,1.0
2026-08-03,HRMS,0.0,1.0
2026-08-04,HRMS,2.0,2.0
2026-08-05,HRMS,1.0,1.0
2026-08-06,HRMS,2.0,1.0
2026-08-07,HRMS,0.0,1.0
2026-08-08,HRMS,0.0,2.0
2026-08-09,HRMS,1.0,2.0
2026-08-10,HRMS,1.0,1.0
2026-07-02,HTML,4.0,3.0
2026-07-03,HTML,1.0,2.0
2026-07-04,HTML,3.0,3.0
2026-07-05,HTML,0.0,2.0
2026-07-06,HTML,4.0,3.0
2026-07-07,HTML,1.0,2.0
2026-07-08,HTML,2.0,3.0
2026-07-09,HTML,3.0,2.0
2026-07-10,HTML,2.0,2.0
2026-07-11,HTML,1.0,2.0
2026-07-12,HTML,3.0,3.0
2026-07-13,HTML,2.0,2.0
2026-07-14,HTML,3.0,2.0
2026-07-15,HTML,4.0,2.0
2026-07-16,HTML,5.0,2.0
2026-07-17,HTML,2.0,2.0
2026-07-18,HTML,2.0,2.0
2026-07-19,HTML,0.0,2.0
2026-07-20,HTML,1.0,3.0
2026-07-21,HTML,3.0,3.0
2026-07-22,HTML,0.0,2.0
2026-07-23,HTML,4.0,3.0
2026-07-24,HTML,2.0,2.0
2026-07-25,HTML,3.0,2.0
2026-07-26,HTML,3.0,2.0
2026-07-27,HTML,3.0,2.0
2026-07-28,HTML,0.0,2.0
2026-07-29,HTML,5.0,3.0
2026-07-30,HTML,2.0,2.0
2026-07-31,HTML,3.0,2.0
2026-08-01,HTML,1.0,2.0
2026-08-02,HTML,0.0,3.0
2026-08-03,HTML,2.0,3.0
2026-08-04,HTML,1.0,2.0
2026-08-05,HTML,3.0,3.0
2026-08-06,HTML,0.0,2.0
2026-08-07,HTML,5.0,3.0
2026-08-08,HTML,3.0,2.0
2026-08-09,HTML,2.0,2.0
2026-08-10,HTML,7.0,2.0
2026-07-02,Java,2.0,5.0
2026-07-03,Java,7.0,5.0
2026-07-04,Java,8.0,5.0
2026-07-05,Java,5.0,5.0
2026-07-06,Java,5.0,5.0
2026-07-07,Java,2.0,5.0
2026-07-08,Java,3.0,5.0
2026-07-09,Java,6.0,5.0
2026-07-10,Java,3.0,5.0
2026-07-11,Java,5.0,5.0
2026-07-12,Java,5.0,5.0
2026-07-13,Java,8.0,5.0
2026-07-14,Java,7.0,5.0
2026-07-15,Java,4.0,5.0
2026-07-16,Java,6.0,5.0
2026-07-17,Java,5.0,5.0
2026-07-18,Java,4.0,5.0
2026-07-19,Java,5.0,5.0
2026-07-20,Java,3.0,5.0
2026-07-21,Java,3.0,5.0
2026-07-22,Java,2.0,5.0
2026-07-23,Java,1.0,5.0
2026-07-24,Java,6.0,4.0
2026-07-25,Java,5.0,5.0
2026-07-26,Java,2.0,5.0
2026-07-27,Java,7.0,5.0
2026-07-28,Java,3.0,5.0
2026-07-29,Java,10.0,5.0
2026-07-30,Java,8.0,5.0
2026-07-31,Java,4.0,5.0
2026-08-01,Java,8.0,5.0
2026-08-02,Java,7.0,5.0
2026-08-03,Java,2.0,5.0
2026-08-04,Java,1.0,5.0
2026-08-05,Java,5.0,4.0
2026-08-06,Java,5.0,5.0
2026-08-07,Java,3.0,5.0
2026-08-08,Java,7.0,5.0
2026-08-09,Java,7.0,5.0
2026-08-10,Java,2.0,5.0
2026-07-02,JavaScript,4.0,3.0
2026-07-03,JavaScript,1.0,2.0
2026-07-04,JavaScript,3.0,3.0
2026-07-05,JavaScript,0.0,2.0
2026-07-06,JavaScript,4.0,3.0
2026-07-07,JavaScript,1.0,2.0
2026-07-08,JavaScript,2.0,3.0
2026-07-09,JavaScript,3.0,2.0
2026-07-10,JavaScript,2.0,2.0
2026-07-11,JavaScript,1.0,2.0
2026-07-12,JavaScript,3.0,3.0
2026-07-13,JavaScript,2.0,2.0
2026-07-14,JavaScript,3.0,2.0
2026-07-15,JavaScript,4.0,2.0
2026-07-16,JavaScript,5.0,2.0
2026-07-17,JavaScript,2.0,2.0
2026-07-18,JavaScript,2.0,2.0
2026-07-19,JavaScript,0.0,2.0
2026-07-20,JavaScript,1.0,3.0
2026-07-21,JavaScript,3.0,3.0
2026-07-22,JavaScript,0.0,2.0
2026-07-23,JavaScript,4.0,3.0
2026-07-24,JavaScript,2.0,2.0
2026-07-25,JavaScript,3.0,2.0
2026-07-26,JavaScript,3.0,2.0
2026-07-27,JavaScript,3.0,2.0
2026-07-28,JavaScript,0.0,2.0
2026-07-29,JavaScript,5.0,3.0
2026-07-30,JavaScript,2.0,2.0
2026-07-31,JavaScript,3.0,2.0
2026-08-01,JavaScript,1.0,2.0
2026-08-02,JavaScript,0.0,3.0
2026-08-03,JavaScript,2.0,3.0
2026-08-04,JavaScript,1.0,2.0
2026-08-05,JavaScript,3.0,3.0
2026-08-06,JavaScript,0.0,2.0
2026-08-07,JavaScript,5.0,3.0
2026-08-08,JavaScript,3.0,2.0
2026-08-09,JavaScript,2.0,2.0
2026-08-10,JavaScript,7.0,2.0
2026-07-02,Jenkins,0.0,1.0
2026-07-03,Jenkins,0.0,1.0
2026-07-04,Jenkins,1.0,1.0
2026-07-05,Jenkins,0.0,1.0
2026-07-06,Jenkins,0.0,1.0
2026-07-07,Jenkins,2.0,1.0
2026-07-08,Jenkins,1.0,1.0
2026-07-09,Jenkins,1.0,1.0
2026-07-10,Jenkins,2.0,1.0
2026-07-11,Jenkins,1.0,1.0
2026-07-12,Jenkins,0.0,1.0
2026-07-13,Jenkins,1.0,1.0
2026-07-14,Jenkins,1.0,1.0
2026-07-15,Jenkins,1.0,1.0
2026-07-16,Jenkins,1.0,1.0
2026-07-17,Jenkins,4.0,1.0
2026-07-18,Jenkins,2.0,1.0
2026-07-19,Jenkins,3.0,1.0
2026-07-20,Jenkins,0.0,1.0
2026-07-21,Jenkins,2.0,1.0
2026-07-22,Jenkins,2.0,1.0
2026-07-23,Jenkins,4.0,1.0
2026-07-24,Jenkins,0.0,1.0
2026-07-25,Jenkins,2.0,1.0
2026-07-26,Jenkins,1.0,1.0
2026-07-27,Jenkins,0.0,1.0
2026-07-28,Jenkins,1.0,1.0
2026-07-29,Jenkins,1.0,1.0
2026-07-30,Jenkins,0.0,1.0
2026-07-31,Jenkins,0.0,1.0
2026-08-01,Jenkins,2.0,1.0
2026-08-02,Jenkins,1.0,1.0
2026-08-03,Jenkins,3.0,1.0
2026-08-04,Jenkins,3.0,1.0
2026-08-05,Jenkins,0.0,1.0
2026-08-06,Jenkins,1.0,1.0
2026-08-07,Jenkins,0.0,1.0
2026-08-08,Jenkins,1.0,1.0
2026-08-09,Jenkins,1.0,1.0
2026-08-10,Jenkins,1.0,1.0
2026-07-02,Kubernetes,0.0,1.0
2026-07-03,Kubernetes,0.0,1.0
2026-07-04,Kubernetes,1.0,1.0
2026-07-05,Kubernetes,0.0,1.0
2026-07-06,Kubernetes,0.0,1.0
2026-07-07,Kubernetes,2.0,1.0
2026-07-08,Kubernetes,1.0,1.0
2026-07-09,Kubernetes,1.0,1.0
2026-07-10,Kubernetes,2.0,1.0
2026-07-11,Kubernetes,1.0,1.0
2026-07-12,Kubernetes,0.0,1.0
2026-07-13,Kubernetes,1.0,1.0
2026-07-14,Kubernetes,1.0,1.0
2026-07-15,Kubernetes,1.0,1.0
2026-07-16,Kubernetes,1.0,1.0
2026-07-17,Kubernetes,4.0,1.0
2026-07-18,Kubernetes,2.0,1.0
2026-07-19,Kubernetes,3.0,1.0
2026-07-20,Kubernetes,0.0,1.0
2026-07-21,Kubernetes,2.0,1.0
2026-07-22,Kubernetes,2.0,1.0
2026-07-23,Kubernetes,4.0,1.0
2026-07-24,Kubernetes,0.0,1.0
2026-07-25,Kubernetes,2.0,1.0
2026-07-26,Kubernetes,1.0,1.0
2026-07-27,Kubernetes,0.0,1.0
2026-07-28,Kubernetes,1.0,1.0
2026-07-29,Kubernetes,1.0,1.0
2026-07-30,Kubernetes,0.0,1.0
2026-07-31,Kubernetes,0.0,1.0
2026-08-01,Kubernetes,2.0,1.0
2026-08-02,Kubernetes,1.0,1.0
2026-08-03,Kubernetes,3.0,1.0
2026-08-04,Kubernetes,3.0,1.0
2026-08-05,Kubernetes,0.0,1.0
2026-08-06,Kubernetes,1.0,1.0
2026-08-07,Kubernetes,0.0,1.0
2026-08-08,Kubernetes,1.0,1.0
2026-08-09,Kubernetes,1.0,1.0
2026-08-10,Kubernetes,1.0,1.0
2026-07-02,LinkedIn,0.0,1.0
2026-07-03,LinkedIn,1.0,1.0
2026-07-04,LinkedIn,0.0,1.0
2026-07-05,LinkedIn,1.0,1.0
2026-07-06,LinkedIn,0.0,1.0
2026-07-07,LinkedIn,1.0,1.0
2026-07-08,LinkedIn,6.0,1.0
2026-07-09,LinkedIn,0.0,1.0
2026-07-10,LinkedIn,2.0,1.0
2026-07-11,LinkedIn,2.0,1.0
2026-07-12,LinkedIn,1.0,1.0
2026-07-13,LinkedIn,0.0,1.0
2026-07-14,LinkedIn,0.0,1.0
2026-07-15,LinkedIn,4.0,1.0
2026-07-16,LinkedIn,1.0,1.0
2026-07-17,LinkedIn,0.0,1.0
2026-07-18,LinkedIn,0.0,1.0
2026-07-19,LinkedIn,2.0,1.0
2026-07-20,LinkedIn,0.0,1.0
2026-07-21,LinkedIn,0.0,1.0
2026-07-22,LinkedIn,0.0,1.0
2026-07-23,LinkedIn,0.0,1.0
2026-07-24,LinkedIn,3.0,1.0
2026-07-25,LinkedIn,1.0,1.0
2026-07-26,LinkedIn,1.0,1.0
2026-07-27,LinkedIn,0.0,1.0
2026-07-28,LinkedIn,1.0,1.0
2026-07-29,LinkedIn,2.0,1.0
2026-07-30,LinkedIn,3.0,1.0
2026-07-31,LinkedIn,1.0,1.0
2026-08-01,LinkedIn,0.0,1.0
2026-08-02,LinkedIn,0.0,1.0
2026-08-03,LinkedIn,0.0,1.0
2026-08-04,LinkedIn,2.0,1.0
2026-08-05,LinkedIn,2.0,1.0
2026-08-06,LinkedIn,2.0,1.0
2026-08-07,LinkedIn,2.0,1.0
2026-08-08,LinkedIn,1.0,1.0
2026-08-09,LinkedIn,0.0,1.0
2026-08-10,LinkedIn,0.0,1.0
2026-07-02,Linux,0.0,1.0
2026-07-03,Linux,2.0,1.0
2026-07-04,Linux,3.0,1.0
2026-07-05,Linux,1.0,1.0
2026-07-06,Linux,5.0,1.0
2026-07-07,Linux,1.0,1.0
2026-07-08,Linux,3.0,1.0
2026-07-09,Linux,0.0,1.0
2026-07-10,Linux,1.0,1.0
2026-07-11,Linux,2.0,1.0
2026-07-12,Linux,1.0,1.0
2026-07-13,Linux,0.0,1.0
2026-07-14,Linux,2.0,1.0
2026-07-15,Linux,0.0,1.0
2026-07-16,Linux,1.0,1.0
2026-07-17,Linux,2.0,1.0
2026-07-18,Linux,1.0,1.0
2026-07-19,Linux,0.0,1.0
2026-07-20,Linux,1.0,1.0
2026-07-21,Linux,0.0,1.0
2026-07-22,Linux,1.0,1.0
2026-07-23,Linux,0.0,1.0
2026-07-24,Linux,3.0,1.0
2026-07-25,Linux,4.0,1.0
2026-07-26,Linux,0.0,1.0
2026-07-27,Linux,1.0,1.0
2026-07-28,Linux,1.0,1.0
2026-07-29,Linux,0.0,1.0
2026-07-30,Linux,0.0,1.0
2026-07-31,Linux,1.0,1.0
2026-08-01,Linux,0.0,1.0
2026-08-02,Linux,0.0,1.0
2026-08-03,Linux,1.0,1.0
2026-08-04,Linux,1.0,1.0
2026-08-05,Linux,1.0,1.0
2026-08-06,Linux,2.0,1.0
2026-08-07,Linux,2.0,1.0
2026-08-08,Linux,1.0,1.0
2026-08-09,Linux,2.0,1.0
2026-08-10,Linux,0.0,1.0
2026-07-02,MS Office,2.0,2.0
2026-07-03,MS Office,2.0,1.0
2026-07-04,MS Office,0.0,1.0
2026-07-05,MS Office,0.0,1.0
2026-07-06,MS Office,2.0,1.0
2026-07-07,MS Office,0.0,1.0
2026-07-08,MS Office,1.0,1.0
2026-07-09,MS Office,1.0,1.0
2026-07-10,MS Office,0.0,1.0
2026-07-11,MS Office,0.0,1.0
2026-07-12,MS Office,1.0,1.0
2026-07-13,MS Office,3.0,1.0
2026-07-14,MS Office,2.0,2.0
2026-07-15,MS Office,1.0,1.0
2026-07-16,MS Office,0.0,1.0
2026-07-17,MS Office,1.0,1.0
2026-07-18,MS Office,2.0,1.0
2026-07-19,MS Office,0.0,1.0
2026-07-20,MS Office,0.0,1.0
2026-07-21,MS Office,2.0,1.0
2026-07-22,MS Office,2.0,1.0
2026-07-23,MS Office,2.0,1.0
2026-07-24,MS Office,4.0,1.0
2026-07-25,MS Office,3.0,2.0
2026-07-26,MS Office,3.0,2.0
2026-07-27,MS Office,3.0,2.0
2026-07-28,MS Office,1.0,2.0
2026-07-29,MS Office,1.0,1.0
2026-07-30,MS Office,1.0,1.0
2026-07-31,MS Office,0.0,1.0
2026-08-01,MS Office,0.0,1.0
2026-08-02,MS Office,4.0,1.0
2026-08-03,MS Office,1.0,2.0
2026-08-04,MS Office,1.0,1.0
2026-08-05,MS Office,0.0,1.0
2026-08-06,MS Office,2.0,1.0
2026-08-07,MS Office,0.0,1.0
2026-08-08,MS Office,0.0,1.0
2026-08-09,MS Office,1.0,1.0
2026-08-10,MS Office,1.0,1.0
2026-07-02,Machine Learning,7.0,4.0
2026-07-03,Machine Learning,5.0,3.0
2026-07-04,Machine Learning,1.0,3.0
2026-07-05,Machine Learning,4.0,4.0
2026-07-06,Machine Learning,2.0,3.0
2026-07-07,Machine Learning,4.0,4.0
2026-07-08,Machine Learning,5.0,3.0
2026-07-09,Machine Learning,5.0,3.0
2026-07-10,Machine Learning,6.0,3.0
2026-07-11,Machine Learning,6.0,3.0
2026-07-12,Machine Learning,1.0,3.0
2026-07-13,Machine Learning,4.0,4.0
2026-07-14,Machine Learning,3.0,3.0
2026-07-15,Machine Learning,4.0,4.0
2026-07-16,Machine Learning,4.0,3.0
2026-07-17,Machine Learning,1.0,3.0
2026-07-18,Machine Learning,5.0,4.0
2026-07-19,Machine Learning,5.0,3.0
2026-07-20,Machine Learning,5.0,3.0
2026-07-21,Machine Learning,2.0,3.0
2026-07-22,Machine Learning,5.0,4.0
2026-07-23,Machine Learning,3.0,3.0
2026-07-24,Machine Learning,4.0,4.0
2026-07-25,Machine Learning,3.0,3.0
2026-07-26,Machine Learning,5.0,4.0
2026-07-27,Machine Learning,4.0,3.0
2026-07-28,Machine Learning,2.0,3.0
2026-07-29,Machine Learning,1.0,4.0
2026-07-30,Machine Learning,1.0,4.0
2026-07-31,Machine Learning,5.0,4.0
2026-08-01,Machine Learning,1.0,3.0
2026-08-02,Machine Learning,4.0,4.0
2026-08-03,Machine Learning,2.0,3.0
2026-08-04,Machine Learning,3.0,4.0
2026-08-05,Machine Learning,2.0,4.0
2026-08-06,Machine Learning,5.0,4.0
2026-08-07,Machine Learning,6.0,3.0
2026-08-08,Machine Learning,2.0,3.0
2026-08-09,Machine Learning,4.0,4.0
2026-08-10,Machine Learning,0.0,3.0
2026-07-02,NLP,4.0,1.0
2026-07-03,NLP,2.0,0.0
2026-07-04,NLP,0.0,1.0
2026-07-05,NLP,2.0,1.0
2026-07-06,NLP,1.0,1.0
2026-07-07,NLP,2.0,1.0
2026-07-08,NLP,1.0,1.0
2026-07-09,NLP,1.0,1.0
2026-07-10,NLP,1.0,1.0
2026-07-11,NLP,2.0,1.0
2026-07-12,NLP,0.0,1.0
2026-07-13,NLP,2.0,1.0
2026-07-14,NLP,1.0,1.0
2026-07-15,NLP,2.0,1.0
2026-07-16,NLP,0.0,1.0
2026-07-17,NLP,0.0,1.0
2026-07-18,NLP,1.0,1.0
2026-07-19,NLP,2.0,1.0
2026-07-20,NLP,1.0,1.0
2026-07-21,NLP,0.0,1.0
2026-07-22,NLP,2.0,1.0
2026-07-23,NLP,0.0,1.0
2026-07-24,NLP,1.0,1.0
2026-07-25,NLP,0.0,1.0
2026-07-26,NLP,0.0,1.0
2026-07-27,NLP,1.0,1.0
2026-07-28,NLP,1.0,1.0
2026-07-29,NLP,0.0,1.0
2026-07-30,NLP,0.0,1.0
2026-07-31,NLP,1.0,1.0
2026-08-01,NLP,0.0,1.0
2026-08-02,NLP,3.0,1.0
2026-08-03,NLP,1.0,1.0
2026-08-04,NLP,1.0,1.0
2026-08-05,NLP,1.0,1.0
2026-08-06,NLP,1.0,1.0
2026-08-07,NLP,1.0,1.0
2026-08-08,NLP,1.0,1.0
2026-08-09,NLP,1.0,1.0
2026-08-10,NLP,0.0,1.0
2026-07-02,Networking,0.0,1.0
2026-07-03,Networking,2.0,1.0
2026-07-04,Networking,3.0,1.0
2026-07-05,Networking,1.0,1.0
2026-07-06,Networking,5.0,1.0
2026-07-07,Networking,1.0,1.0
2026-07-08,Networking,3.0,1.0
2026-07-09,Networking,0.0,1.0
2026-07-10,Networking,1.0,1.0
2026-07-11,Networking,2.0,1.0
2026-07-12,Networking,1.0,1.0
2026-07-13,Networking,0.0,1.0
2026-07-14,Networking,2.0,1.0
2026-07-15,Networking,0.0,1.0
2026-07-16,Networking,1.0,1.0
2026-07-17,Networking,2.0,1.0
2026-07-18,Networking,1.0,1.0
2026-07-19,Networking,0.0,1.0
2026-07-20,Networking,1.0,1.0
2026-07-21,Networking,0.0,1.0
2026-07-22,Networking,1.0,1.0
2026-07-23,Networking,0.0,1.0
2026-07-24,Networking,3.0,1.0
2026-07-25,Networking,4.0,1.0
2026-07-26,Networking,0.0,1.0
2026-07-27,Networking,1.0,1.0
2026-07-28,Networking,1.0,1.0
2026-07-29,Networking,0.0,1.0
2026-07-30,Networking,0.0,1.0
2026-07-31,Networking,1.0,1.0
2026-08-01,Networking,0.0,1.0
2026-08-02,Networking,0.0,1.0
2026-08-03,Networking,1.0,1.0
2026-08-04,Networking,1.0,1.0
2026-08-05,Networking,1.0,1.0
2026-08-06,Networking,2.0,1.0
2026-08-07,Networking,2.0,1.0
2026-08-08,Networking,1.0,1.0
2026-08-09,Networking,2.0,1.0
2026-08-10,Networking,0.0,1.0
2026-07-02,Node.js,3.0,3.0
2026-07-03,Node.js,1.0,3.0
2026-07-04,Node.js,3.0,3.0
2026-07-05,Node.js,1.0,3.0
2026-07-06,Node.js,4.0,3.0
2026-07-07,Node.js,0.0,3.0
2026-07-08,Node.js,2.0,3.0
2026-07-09,Node.js,1.0,3.0
2026-07-10,Node.js,1.0,3.0
2026-07-11,Node.js,1.0,3.0
2026-07-12,Node.js,2.0,3.0
2026-07-13,Node.js,3.0,3.0
2026-07-14,Node.js,4.0,3.0
2026-07-15,Node.js,2.0,3.0
2026-07-16,Node.js,2.0,3.0
2026-07-17,Node.js,3.0,3.0
2026-07-18,Node.js,4.0,3.0
2026-07-19,Node.js,2.0,3.0
2026-07-20,Node.js,2.0,3.0
2026-07-21,Node.js,1.0,3.0
2026-07-22,Node.js,0.0,3.0
2026-07-23,Node.js,4.0,3.0
2026-07-24,Node.js,3.0,3.0
2026-07-25,Node.js,4.0,3.0
2026-07-26,Node.js,1.0,3.0
2026-07-27,Node.js,4.0,3.0
2026-07-28,Node.js,0.0,3.0
2026-07-29,Node.js,7.0,3.0
2026-07-30,Node.js,4.0,2.0
2026-07-31,Node.js,2.0,3.0
2026-08-01,Node.js,5.0,3.0
2026-08-02,Node.js,1.0,3.0
2026-08-03,Node.js,2.0,3.0
2026-08-04,Node.js,2.0,3.0
2026-08-05,Node.js,2.0,3.0
2026-08-06,Node.js,3.0,3.0
2026-08-07,Node.js,5.0,3.0
2026-08-08,Node.js,6.0,3.0
2026-08-09,Node.js,3.0,2.0
2026-08-10,Node.js,5.0,3.0
2026-07-02,Pandas,3.0,1.0
2026-07-03,Pandas,1.0,1.0
2026-07-04,Pandas,0.0,1.0
2026-07-05,Pandas,0.0,1.0
2026-07-06,Pandas,0.0,1.0
2026-07-07,Pandas,1.0,1.0
2026-07-08,Pandas,4.0,1.0
2026-07-09,Pandas,2.0,1.0
2026-07-10,Pandas,2.0,1.0
2026-07-11,Pandas,2.0,1.0
2026-07-12,Pandas,1.0,1.0
2026-07-13,Pandas,1.0,1.0
2026-07-14,Pandas,2.0,1.0
2026-07-15,Pandas,2.0,1.0
2026-07-16,Pandas,1.0,1.0
2026-07-17,Pandas,0.0,1.0
2026-07-18,Pandas,2.0,1.0
2026-07-19,Pandas,0.0,1.0
2026-07-20,Pandas,2.0,1.0
2026-07-21,Pandas,1.0,1.0
2026-07-22,Pandas,2.0,1.0
2026-07-23,Pandas,1.0,1.0
2026-07-24,Pandas,2.0,1.0
2026-07-25,Pandas,1.0,1.0
2026-07-26,Pandas,4.0,1.0
2026-07-27,Pandas,2.0,1.0
2026-07-28,Pandas,0.0,1.0
2026-07-29,Pandas,1.0,1.0
2026-07-30,Pandas,0.0,1.0
2026-07-31,Pandas,2.0,1.0
2026-08-01,Pandas,0.0,1.0
2026-08-02,Pandas,0.0,1.0
2026-08-03,Pandas,0.0,1.0
2026-08-04,Pandas,2.0,1.0
2026-08-05,Pandas,1.0,1.0
2026-08-06,Pandas,0.0,1.0
2026-08-07,Pandas,3.0,1.0
2026-08-08,Pandas,1.0,1.0
2026-08-09,Pandas,3.0,1.0
2026-08-10,Pandas,0.0,1.0
2026-07-02,Power BI,8.0,5.0
2026-07-03,Power BI,6.0,5.0
2026-07-04,Power BI,5.0,5.0
2026-07-05,Power BI,8.0,5.0
2026-07-06,Power BI,7.0,5.0
2026-07-07,Power BI,1.0,5.0
2026-07-08,Power BI,6.0,5.0
2026-07-09,Power BI,4.0,5.0
2026-07-10,Power BI,6.0,5.0
2026-07-11,Power BI,2.0,5.0
2026-07-12,Power BI,3.0,5.0
2026-07-13,Power BI,3.0,5.0
2026-07-14,Power BI,4.0,5.0
2026-07-15,Power BI,8.0,5.0
2026-07-16,Power BI,6.0,5.0
2026-07-17,Power BI,3.0,5.0
2026-07-18,Power BI,3.0,5.0
2026-07-19,Power BI,6.0,5.0
2026-07-20,Power BI,7.0,5.0
2026-07-21,Power BI,2.0,5.0
2026-07-22,Power BI,1.0,5.0
2026-07-23,Power BI,9.0,5.0
2026-07-24,Power BI,4.0,5.0
2026-07-25,Power BI,4.0,5.0
2026-07-26,Power BI,4.0,5.0
2026-07-27,Power BI,3.0,5.0
2026-07-28,Power BI,7.0,5.0
2026-07-29,Power BI,7.0,5.0
2026-07-30,Power BI,5.0,5.0
2026-07-31,Power BI,6.0,5.0
2026-08-01,Power BI,6.0,5.0
2026-08-02,Power BI,3.0,5.0
2026-08-03,Power BI,3.0,5.0
2026-08-04,Power BI,5.0,5.0
2026-08-05,Power BI,8.0,5.0
2026-08-06,Power BI,8.0,5.0
2026-08-07,Power BI,5.0,5.0
2026-08-08,Power BI,5.0,5.0
2026-08-09,Power BI,3.0,5.0
2026-08-10,Power BI,3.0,5.0
2026-07-02,Project Management,2.0,2.0
2026-07-03,Project Management,2.0,1.0
2026-07-04,Project Management,0.0,1.0
2026-07-05,Project Management,0.0,1.0
2026-07-06,Project Management,2.0,1.0
2026-07-07,Project Management,0.0,1.0
2026-07-08,Project Management,1.0,1.0
2026-07-09,Project Management,1.0,1.0
2026-07-10,Project Management,0.0,1.0
2026-07-11,Project Management,0.0,1.0
2026-07-12,Project Management,1.0,1.0
2026-07-13,Project Management,3.0,1.0
2026-07-14,Project Management,2.0,2.0
2026-07-15,Project Management,1.0,1.0
2026-07-16,Project Management,0.0,1.0
2026-07-17,Project Management,1.0,1.0
2026-07-18,Project Management,2.0,1.0
2026-07-19,Project Management,0.0,1.0
2026-07-20,Project Management,0.0,1.0
2026-07-21,Project Management,2.0,1.0
2026-07-22,Project Management,2.0,1.0
2026-07-23,Project Management,2.0,1.0
2026-07-24,Project Management,4.0,1.0
2026-07-25,Project Management,3.0,2.0
2026-07-26,Project Management,3.0,2.0
2026-07-27,Project Management,3.0,2.0
2026-07-28,Project Management,1.0,2.0
2026-07-29,Project Management,1.0,1.0
2026-07-30,Project Management,1.0,1.0
2026-07-31,Project Management,0.0,1.0
2026-08-01,Project Management,0.0,1.0
2026-08-02,Project Management,4.0,1.0
2026-08-03,Project Management,1.0,2.0
2026-08-04,Project Management,1.0,1.0
2026-08-05,Project Management,0.0,1.0
2026-08-06,Project Management,2.0,1.0
2026-08-07,Project Management,0.0,1.0
2026-08-08,Project Management,0.0,1.0
2026-08-09,Project Management,1.0,1.0
2026-08-10,Project Management,1.0,1.0
2026-07-02,Python,11.0,8.0
2026-07-03,Python,11.0,8.0
2026-07-04,Python,6.0,8.0
2026-07-05,Python,10.0,8.0
2026-07-06,Python,11.0,8.0
2026-07-07,Python,4.0,8.0
2026-07-08,Python,8.0,8.0
2026-07-09,Python,13.0,8.0
2026-07-10,Python,10.0,8.0
2026-07-11,Python,8.0,8.0
2026-07-12,Python,3.0,8.0
2026-07-13,Python,13.0,8.0
2026-07-14,Python,10.0,8.0
2026-07-15,Python,7.0,8.0
2026-07-16,Python,7.0,8.0
2026-07-17,Python,7.0,8.0
2026-07-18,Python,9.0,8.0
2026-07-19,Python,9.0,8.0
2026-07-20,Python,11.0,8.0
2026-07-21,Python,7.0,8.0
2026-07-22,Python,7.0,8.0
2026-07-23,Python,7.0,8.0
2026-07-24,Python,10.0,8.0
2026-07-25,Python,8.0,8.0
2026-07-26,Python,7.0,8.0
2026-07-27,Python,11.0,8.0
2026-07-28,Python,5.0,8.0
2026-07-29,Python,8.0,8.0
2026-07-30,Python,7.0,8.0
2026-07-31,Python,14.0,8.0
2026-08-01,Python,11.0,8.0
2026-08-02,Python,8.0,8.0
2026-08-03,Python,4.0,8.0
2026-08-04,Python,7.0,8.0
2026-08-05,Python,8.0,8.0
2026-08-06,Python,9.0,8.0
2026-08-07,Python,11.0,8.0
2026-08-08,Python,9.0,8.0
2026-08-09,Python,6.0,8.0
2026-08-10,Python,4.0,8.0
2026-07-02,REST API,1.0,1.0
2026-07-03,REST API,2.0,1.0
2026-07-04,REST API,1.0,1.0
2026-07-05,REST API,3.0,1.0
2026-07-06,REST API,3.0,1.0
2026-07-07,REST API,0.0,1.0
2026-07-08,REST API,0.0,2.0
2026-07-09,REST API,3.0,2.0
2026-07-10,REST API,2.0,1.0
2026-07-11,REST API,0.0,1.0
2026-07-12,REST API,1.0,2.0
2026-07-13,REST API,2.0,1.0
2026-07-14,REST API,2.0,1.0
2026-07-15,REST API,0.0,1.0
2026-07-16,REST API,0.0,2.0
2026-07-17,REST API,3.0,2.0
2026-07-18,REST API,2.0,1.0
2026-07-19,REST API,0.0,1.0
2026-07-20,REST API,4.0,2.0
2026-07-21,REST API,2.0,1.0
2026-07-22,REST API,0.0,1.0
2026-07-23,REST API,1.0,2.0
2026-07-24,REST API,2.0,1.0
2026-07-25,REST API,2.0,1.0
2026-07-26,REST API,0.0,1.0
2026-07-27,REST API,2.0,2.0
2026-07-28,REST API,1.0,1.0
2026-07-29,REST API,1.0,1.0
2026-07-30,REST API,0.0,1.0
2026-07-31,REST API,5.0,2.0
2026-08-01,REST API,1.0,1.0
2026-08-02,REST API,2.0,1.0
2026-08-03,REST API,0.0,1.0
2026-08-04,REST API,2.0,2.0
2026-08-05,REST API,1.0,1.0
2026-08-06,REST API,0.0,1.0
2026-08-07,REST API,1.0,2.0
2026-08-08,REST API,1.0,1.0
2026-08-09,REST API,0.0,1.0
2026-08-10,REST API,1.0,2.0
2026-07-02,React,4.0,3.0
2026-07-03,React,1.0,2.0
2026-07-04,React,3.0,3.0
2026-07-05,React,0.0,2.0
2026-07-06,React,4.0,3.0
2026-07-07,React,1.0,2.0
2026-07-08,React,2.0,3.0
2026-07-09,React,3.0,2.0
2026-07-10,React,2.0,2.0
2026-07-11,React,1.0,2.0
2026-07-12,React,3.0,3.0
2026-07-13,React,2.0,2.0
2026-07-14,React,3.0,2.0
2026-07-15,React,4.0,2.0
2026-07-16,React,5.0,2.0
2026-07-17,React,2.0,2.0
2026-07-18,React,2.0,2.0
2026-07-19,React,0.0,2.0
2026-07-20,React,1.0,3.0
2026-07-21,React,3.0,3.0
2026-07-22,React,0.0,2.0
2026-07-23,React,4.0,3.0
2026-07-24,React,2.0,2.0
2026-07-25,React,3.0,2.0
2026-07-26,React,3.0,2.0
2026-07-27,React,3.0,2.0
2026-07-28,React,0.0,2.0
2026-07-29,React,5.0,3.0
2026-07-30,React,2.0,2.0
2026-07-31,React,3.0,2.0
2026-08-01,React,1.0,2.0
2026-08-02,React,0.0,3.0
2026-08-03,React,2.0,3.0
2026-08-04,React,1.0,2.0
2026-08-05,React,3.0,3.0
2026-08-06,React,0.0,2.0
2026-08-07,React,5.0,3.0
2026-08-08,React,3.0,2.0
2026-08-09,React,2.0,2.0
2026-08-10,React,7.0,2.0
2026-07-02,Recruitment,2.0,2.0
2026-07-03,Recruitment,1.0,2.0
2026-07-04,Recruitment,2.0,3.0
2026-07-05,Recruitment,4.0,2.0
2026-07-06,Recruitment,2.0,2.0
2026-07-07,Recruitment,2.0,2.0
2026-07-08,Recruitment,8.0,2.0
2026-07-09,Recruitment,1.0,2.0
2026-07-10,Recruitment,3.0,3.0
2026-07-11,Recruitment,8.0,2.0
2026-07-12,Recruitment,1.0,2.0
2026-07-13,Recruitment,2.0,3.0
2026-07-14,Recruitment,2.0,2.0
2026-07-15,Recruitment,4.0,2.0
2026-07-16,Recruitment,1.0,2.0
2026-07-17,Recruitment,2.0,3.0
2026-07-18,Recruitment,2.0,2.0
2026-07-19,Recruitment,2.0,2.0
2026-07-20,Recruitment,1.0,2.0
2026-07-21,Recruitment,3.0,3.0
2026-07-22,Recruitment,0.0,2.0
2026-07-23,Recruitment,2.0,3.0
2026-07-24,Recruitment,7.0,2.0
2026-07-25,Recruitment,3.0,2.0
2026-07-26,Recruitment,1.0,2.0
2026-07-27,Recruitment,1.0,3.0
2026-07-28,Recruitment,3.0,3.0
2026-07-29,Recruitment,3.0,2.0
2026-07-30,Recruitment,6.0,2.0
2026-07-31,Recruitment,1.0,2.0
2026-08-01,Recruitment,1.0,3.0
2026-08-02,Recruitment,1.0,3.0
2026-08-03,Recruitment,0.0,3.0
2026-08-04,Recruitment,4.0,3.0
2026-08-05,Recruitment,3.0,2.0
2026-08-06,Recruitment,4.0,2.0
2026-08-07,Recruitment,2.0,2.0
2026-08-08,Recruitment,1.0,2.0
2026-08-09,Recruitment,1.0,3.0
2026-08-10,Recruitment,1.0,3.0
2026-07-02,SEO,2.0,1.0
2026-07-03,SEO,2.0,1.0
2026-07-04,SEO,2.0,1.0
2026-07-05,SEO,4.0,1.0
2026-07-06,SEO,2.0,2.0
2026-07-07,SEO,0.0,1.0
2026-07-08,SEO,0.0,1.0
2026-07-09,SEO,0.0,1.0
2026-07-10,SEO,2.0,1.0
2026-07-11,SEO,2.0,1.0
2026-07-12,SEO,0.0,1.0
2026-07-13,SEO,4.0,1.0
2026-07-14,SEO,1.0,2.0
2026-07-15,SEO,1.0,1.0
2026-07-16,SEO,1.0,1.0
2026-07-17,SEO,1.0,1.0
2026-07-18,SEO,1.0,1.0
2026-07-19,SEO,1.0,1.0
2026-07-20,SEO,2.0,1.0
2026-07-21,SEO,0.0,1.0
2026-07-22,SEO,1.0,1.0
2026-07-23,SEO,0.0,1.0
2026-07-24,SEO,0.0,1.0
2026-07-25,SEO,0.0,1.0
2026-07-26,SEO,3.0,1.0
2026-07-27,SEO,0.0,1.0
2026-07-28,SEO,1.0,1.0
2026-07-29,SEO,1.0,1.0
2026-07-30,SEO,1.0,1.0
2026-07-31,SEO,3.0,1.0
2026-08-01,SEO,2.0,1.0
2026-08-02,SEO,1.0,1.0
2026-08-03,SEO,2.0,1.0
2026-08-04,SEO,2.0,1.0
2026-08-05,SEO,2.0,1.0
2026-08-06,SEO,1.0,1.0
2026-08-07,SEO,1.0,1.0
2026-08-08,SEO,1.0,1.0
2026-08-09,SEO,1.0,1.0
2026-08-10,SEO,4.0,1.0
2026-07-02,SQL,14.0,14.0
2026-07-03,SQL,18.0,14.0
2026-07-04,SQL,15.0,14.0
2026-07-05,SQL,18.0,14.0
2026-07-06,SQL,16.0,14.0
2026-07-07,SQL,5.0,14.0
2026-07-08,SQL,13.0,12.0
2026-07-09,SQL,17.0,13.0
2026-07-10,SQL,16.0,14.0
2026-07-11,SQL,11.0,14.0
2026-07-12,SQL,10.0,13.0
2026-07-13,SQL,15.0,13.0
2026-07-14,SQL,15.0,14.0
2026-07-15,SQL,14.0,14.0
2026-07-16,SQL,16.0,14.0
2026-07-17,SQL,12.0,14.0
2026-07-18,SQL,13.0,13.0
2026-07-19,SQL,14.0,13.0
2026-07-20,SQL,18.0,14.0
2026-07-21,SQL,9.0,14.0
2026-07-22,SQL,6.0,13.0
2026-07-23,SQL,14.0,12.0
2026-07-24,SQL,15.0,14.0
2026-07-25,SQL,14.0,14.0
2026-07-26,SQL,11.0,14.0
2026-07-27,SQL,15.0,13.0
2026-07-28,SQL,12.0,14.0
2026-07-29,SQL,19.0,13.0
2026-07-30,SQL,14.0,14.0
2026-07-31,SQL,19.0,14.0
2026-08-01,SQL,16.0,14.0
2026-08-02,SQL,13.0,14.0
2026-08-03,SQL,6.0,13.0
2026-08-04,SQL,10.0,12.0
2026-08-05,SQL,15.0,13.0
2026-08-06,SQL,17.0,14.0
2026-08-07,SQL,14.0,14.0
2026-08-08,SQL,14.0,14.0
2026-08-09,SQL,13.0,14.0
2026-08-10,SQL,6.0,13.0
2026-07-02,Selenium,1.0,1.0
2026-07-03,Selenium,3.0,1.0
2026-07-04,Selenium,3.0,1.0
2026-07-05,Selenium,1.0,1.0
2026-07-06,Selenium,1.0,1.0
2026-07-07,Selenium,1.0,1.0
2026-07-08,Selenium,1.0,1.0
2026-07-09,Selenium,1.0,1.0
2026-07-10,Selenium,1.0,1.0
2026-07-11,Selenium,2.0,1.0
2026-07-12,Selenium,4.0,1.0
2026-07-13,Selenium,3.0,1.0
2026-07-14,Selenium,1.0,1.0
2026-07-15,Selenium,2.0,1.0
2026-07-16,Selenium,1.0,1.0
2026-07-17,Selenium,1.0,1.0
2026-07-18,Selenium,1.0,1.0
2026-07-19,Selenium,1.0,1.0
2026-07-20,Selenium,1.0,1.0
2026-07-21,Selenium,0.0,1.0
2026-07-22,Selenium,0.0,1.0
2026-07-23,Selenium,0.0,1.0
2026-07-24,Selenium,1.0,1.0
2026-07-25,Selenium,1.0,1.0
2026-07-26,Selenium,0.0,1.0
2026-07-27,Selenium,1.0,1.0
2026-07-28,Selenium,1.0,1.0
2026-07-29,Selenium,2.0,1.0
2026-07-30,Selenium,2.0,1.0
2026-07-31,Selenium,2.0,1.0
2026-08-01,Selenium,0.0,1.0
2026-08-02,Selenium,3.0,1.0
2026-08-03,Selenium,0.0,1.0
2026-08-04,Selenium,0.0,1.0
2026-08-05,Selenium,2.0,1.0
2026-08-06,Selenium,2.0,1.0
2026-08-07,Selenium,1.0,1.0
2026-08-08,Selenium,0.0,1.0
2026-08-09,Selenium,4.0,1.0
2026-08-10,Selenium,0.0,1.0
2026-07-02,Social Media,2.0,1.0
2026-07-03,Social Media,2.0,1.0
2026-07-04,Social Media,2.0,1.0
2026-07-05,Social Media,4.0,1.0
2026-07-06,Social Media,2.0,2.0
2026-07-07,Social Media,0.0,1.0
2026-07-08,Social Media,0.0,1.0
2026-07-09,Social Media,0.0,1.0
2026-07-10,Social Media,2.0,1.0
2026-07-11,Social Media,2.0,1.0
2026-07-12,Social Media,0.0,1.0
2026-07-13,Social Media,4.0,1.0
2026-07-14,Social Media,1.0,2.0
2026-07-15,Social Media,1.0,1.0
2026-07-16,Social Media,1.0,1.0
2026-07-17,Social Media,1.0,1.0
2026-07-18,Social Media,1.0,1.0
2026-07-19,Social Media,1.0,1.0
2026-07-20,Social Media,2.0,1.0
2026-07-21,Social Media,0.0,1.0
2026-07-22,Social Media,1.0,1.0
2026-07-23,Social Media,0.0,1.0
2026-07-24,Social Media,0.0,1.0
2026-07-25,Social Media,0.0,1.0
2026-07-26,Social Media,3.0,1.0
2026-07-27,Social Media,0.0,1.0
2026-07-28,Social Media,1.0,1.0
2026-07-29,Social Media,1.0,1.0
2026-07-30,Social Media,1.0,1.0
2026-07-31,Social Media,3.0,1.0
2026-08-01,Social Media,2.0,1.0
2026-08-02,Social Media,1.0,1.0
2026-08-03,Social Media,2.0,1.0
2026-08-04,Social Media,2.0,1.0
2026-08-05,Social Media,2.0,1.0
2026-08-06,Social Media,1.0,1.0
2026-08-07,Social Media,1.0,1.0
2026-08-08,Social Media,1.0,1.0
2026-08-09,Social Media,1.0,1.0
2026-08-10,Social Media,4.0,1.0
2026-07-02,Sourcing,0.0,1.0
2026-07-03,Sourcing,1.0,1.0
2026-07-04,Sourcing,0.0,1.0
2026-07-05,Sourcing,1.0,1.0
2026-07-06,Sourcing,0.0,1.0
2026-07-07,Sourcing,1.0,1.0
2026-07-08,Sourcing,6.0,1.0
2026-07-09,Sourcing,0.0,1.0
2026-07-10,Sourcing,2.0,1.0
2026-07-11,Sourcing,2.0,1.0
2026-07-12,Sourcing,1.0,1.0
2026-07-13,Sourcing,0.0,1.0
2026-07-14,Sourcing,0.0,1.0
2026-07-15,Sourcing,4.0,1.0
2026-07-16,Sourcing,1.0,1.0
2026-07-17,Sourcing,0.0,1.0
2026-07-18,Sourcing,0.0,1.0
2026-07-19,Sourcing,2.0,1.0
2026-07-20,Sourcing,0.0,1.0
2026-07-21,Sourcing,0.0,1.0
2026-07-22,Sourcing,0.0,1.0
2026-07-23,Sourcing,0.0,1.0
2026-07-24,Sourcing,3.0,1.0
2026-07-25,Sourcing,1.0,1.0
2026-07-26,Sourcing,1.0,1.0
2026-07-27,Sourcing,0.0,1.0
2026-07-28,Sourcing,1.0,1.0
2026-07-29,Sourcing,2.0,1.0
2026-07-30,Sourcing,3.0,1.0
2026-07-31,Sourcing,1.0,1.0
2026-08-01,Sourcing,0.0,1.0
2026-08-02,Sourcing,0.0,1.0
2026-08-03,Sourcing,0.0,1.0
2026-08-04,Sourcing,2.0,1.0
2026-08-05,Sourcing,2.0,1.0
2026-08-06,Sourcing,2.0,1.0
2026-08-07,Sourcing,2.0,1.0
2026-08-08,Sourcing,1.0,1.0
2026-08-09,Sourcing,0.0,1.0
2026-08-10,Sourcing,0.0,1.0
2026-07-02,Spring Boot,0.0,1.0
2026-07-03,Spring Boot,1.0,1.0
2026-07-04,Spring Boot,2.0,1.0
2026-07-05,Spring Boot,1.0,1.0
2026-07-06,Spring Boot,0.0,1.0
2026-07-07,Spring Boot,1.0,1.0
2026-07-08,Spring Boot,1.0,1.0
2026-07-09,Spring Boot,1.0,1.0
2026-07-10,Spring Boot,0.0,1.0
2026-07-11,Spring Boot,1.0,1.0
2026-07-12,Spring Boot,0.0,1.0
2026-07-13,Spring Boot,0.0,1.0
2026-07-14,Spring Boot,1.0,1.0
2026-07-15,Spring Boot,0.0,1.0
2026-07-16,Spring Boot,3.0,1.0
2026-07-17,Spring Boot,1.0,1.0
2026-07-18,Spring Boot,1.0,1.0
2026-07-19,Spring Boot,1.0,1.0
2026-07-20,Spring Boot,1.0,1.0
2026-07-21,Spring Boot,0.0,1.0
2026-07-22,Spring Boot,0.0,1.0
2026-07-23,Spring Boot,0.0,1.0
2026-07-24,Spring Boot,2.0,1.0
2026-07-25,Spring Boot,1.0,1.0
2026-07-26,Spring Boot,0.0,1.0
2026-07-27,Spring Boot,1.0,1.0
2026-07-28,Spring Boot,2.0,1.0
2026-07-29,Spring Boot,4.0,1.0
2026-07-30,Spring Boot,1.0,1.0
2026-07-31,Spring Boot,0.0,1.0
2026-08-01,Spring Boot,2.0,1.0
2026-08-02,Spring Boot,2.0,1.0
2026-08-03,Spring Boot,1.0,1.0
2026-08-04,Spring Boot,0.0,1.0
2026-08-05,Spring Boot,1.0,1.0
2026-08-06,Spring Boot,0.0,1.0
2026-08-07,Spring Boot,0.0,1.0
2026-08-08,Spring Boot,3.0,1.0
2026-08-09,Spring Boot,1.0,1.0
2026-08-10,Spring Boot,0.0,1.0
2026-07-02,Tableau,2.0,1.0
2026-07-03,Tableau,1.0,1.0
2026-07-04,Tableau,1.0,1.0
2026-07-05,Tableau,4.0,1.0
2026-07-06,Tableau,3.0,1.0
2026-07-07,Tableau,0.0,1.0
2026-07-08,Tableau,1.0,1.0
2026-07-09,Tableau,2.0,1.0
2026-07-10,Tableau,3.0,1.0
2026-07-11,Tableau,1.0,1.0
2026-07-12,Tableau,1.0,1.0
2026-07-13,Tableau,1.0,1.0
2026-07-14,Tableau,1.0,1.0
2026-07-15,Tableau,3.0,1.0
2026-07-16,Tableau,2.0,1.0
2026-07-17,Tableau,0.0,1.0
2026-07-18,Tableau,3.0,1.0
2026-07-19,Tableau,3.0,1.0
2026-07-20,Tableau,2.0,1.0
2026-07-21,Tableau,0.0,1.0
2026-07-22,Tableau,0.0,1.0
2026-07-23,Tableau,3.0,1.0
2026-07-24,Tableau,0.0,1.0
2026-07-25,Tableau,0.0,1.0
2026-07-26,Tableau,3.0,1.0
2026-07-27,Tableau,0.0,1.0
2026-07-28,Tableau,3.0,1.0
2026-07-29,Tableau,1.0,1.0
2026-07-30,Tableau,2.0,1.0
2026-07-31,Tableau,1.0,1.0
2026-08-01,Tableau,1.0,1.0
2026-08-02,Tableau,0.0,1.0
2026-08-03,Tableau,0.0,1.0
2026-08-04,Tableau,2.0,1.0
2026-08-05,Tableau,3.0,1.0
2026-08-06,Tableau,1.0,1.0
2026-08-07,Tableau,1.0,1.0
2026-08-08,Tableau,0.0,1.0
2026-08-09,Tableau,1.0,1.0
2026-08-10,Tableau,0.0,1.0
2026-07-02,TensorFlow,4.0,2.0
2026-07-03,TensorFlow,4.0,2.0
2026-07-04,TensorFlow,1.0,2.0
2026-07-05,TensorFlow,4.0,2.0
2026-07-06,TensorFlow,2.0,2.0
2026-07-07,TensorFlow,3.0,2.0
2026-07-08,TensorFlow,1.0,2.0
2026-07-09,TensorFlow,3.0,2.0
2026-07-10,TensorFlow,4.0,2.0
2026-07-11,TensorFlow,4.0,2.0
2026-07-12,TensorFlow,0.0,2.0
2026-07-13,TensorFlow,3.0,2.0
2026-07-14,TensorFlow,1.0,2.0
2026-07-15,TensorFlow,2.0,2.0
2026-07-16,TensorFlow,3.0,2.0
2026-07-17,TensorFlow,1.0,2.0
2026-07-18,TensorFlow,3.0,2.0
2026-07-19,TensorFlow,5.0,2.0
2026-07-20,TensorFlow,3.0,2.0
2026-07-21,TensorFlow,1.0,2.0
2026-07-22,TensorFlow,3.0,2.0
2026-07-23,TensorFlow,2.0,2.0
2026-07-24,TensorFlow,2.0,2.0
2026-07-25,TensorFlow,2.0,2.0
2026-07-26,TensorFlow,1.0,2.0
2026-07-27,TensorFlow,2.0,2.0
2026-07-28,TensorFlow,2.0,2.0
2026-07-29,TensorFlow,0.0,2.0
2026-07-30,TensorFlow,1.0,2.0
2026-07-31,TensorFlow,3.0,2.0
2026-08-01,TensorFlow,1.0,2.0
2026-08-02,TensorFlow,4.0,2.0
2026-08-03,TensorFlow,2.0,2.0
2026-08-04,TensorFlow,1.0,2.0
2026-08-05,TensorFlow,1.0,2.0
2026-08-06,TensorFlow,5.0,2.0
2026-08-07,TensorFlow,3.0,2.0
2026-08-08,TensorFlow,1.0,2.0
2026-08-09,TensorFlow,1.0,2.0
2026-08-10,TensorFlow,0.0,2.0
2026-07-02,Testing,1.0,1.0
2026-07-03,Testing,3.0,1.0
2026-07-04,Testing,3.0,1.0
2026-07-05,Testing,1.0,1.0
2026-07-06,Testing,1.0,1.0
2026-07-07,Testing,1.0,1.0
2026-07-08,Testing,1.0,1.0
2026-07-09,Testing,1.0,1.0
2026-07-10,Testing,1.0,1.0
2026-07-11,Testing,2.0,1.0
2026-07-12,Testing,4.0,1.0
2026-07-13,Testing,3.0,1.0
2026-07-14,Testing,1.0,1.0
2026-07-15,Testing,2.0,1.0
2026-07-16,Testing,1.0,1.0
2026-07-17,Testing,1.0,1.0
2026-07-18,Testing,1.0,1.0
2026-07-19,Testing,1.0,1.0
2026-07-20,Testing,1.0,1.0
2026-07-21,Testing,0.0,1.0
2026-07-22,Testing,0.0,1.0
2026-07-23,Testing,0.0,1.0
2026-07-24,Testing,1.0,1.0
2026-07-25,Testing,1.0,1.0
2026-07-26,Testing,0.0,1.0
2026-07-27,Testing,1.0,1.0
2026-07-28,Testing,1.0,1.0
2026-07-29,Testing,2.0,1.0
2026-07-30,Testing,2.0,1.0
2026-07-31,Testing,2.0,1.0
2026-08-01,Testing,0.0,1.0
2026-08-02,Testing,3.0,1.0
2026-08-03,Testing,0.0,1.0
2026-08-04,Testing,0.0,1.0
2026-08-05,Testing,2.0,1.0
2026-08-06,Testing,2.0,1.0
2026-08-07,Testing,1.0,1.0
2026-08-08,Testing,0.0,1.0
2026-08-09,Testing,4.0,1.0
2026-08-10,Testing,0.0,1.0
