Month,Industry,Job_Count
2026-07-01,BPO,83
2026-07-01,Banking,77
2026-07-01,Consulting,67
2026-07-01,E-Commerce,72
2026-07-01,Financial Services,72
2026-07-01,Healthcare,79
2026-07-01,IT Services,75
2026-07-01,Manufacturing,84
2026-07-01,Software,77
2026-07-01,Telecommunications,88
2026-08-01,BPO,23
2026-08-01,Banking,22
2026-08-01,Consulting,21
2026-08-01,E-Commerce,22
2026-08-01,Financial Services,17
2026-08-01,Healthcare,25
2026-08-01,IT Services,21
2026-08-01,Manufacturing,23
2026-08-01,Software,29
2026-08-01,Telecommunications,23
